Date,Steam Subscribers,Reddit Mentions,Comment
2025-07-16,100000000,15,High activity
2025-07-17,100000000,6,
2025-07-18,100000000,2,
2025-07-19,100000000,4,
2025-07-20,100000000,3,
2025-07-21,100000000,3,
2025-07-22,100000000,9,
2025-07-23,100000000,7,
2025-07-24,100000000,3,
2025-07-25,100000000,1,
2025-07-26,100000000,3,
2025-07-27,100000000,10,High activity
2025-07-28,100000000,10,High activity
2025-07-29,100000000,12,High activity
2025-07-30,100000000,18,Maximum
2025-07-31,100000000,12,High activity
2025-08-01,100000000,17,High activity
2025-08-02,100000000,3,
2025-08-03,100000000,3,
2025-08-04,100000000,5,
2025-08-05,100000000,4,
2025-08-06,100000000,5,
2025-08-07,100000000,4,
2025-08-08,100000000,3,
2025-08-09,100000000,4,
2025-08-10,100000000,17,High activity
2025-08-11,100000000,3,
2025-08-12,100000000,9,
2025-08-13,100000000,0,Minimum
2025-08-14,100000000,2,
